"0","prompt_job_descript = f""""""Could you please write a job description for a junior data analyst for the logistics sector? Please make sure to include a list of ten requirements. Please make sure that the description is less than 500 words long total. Please make sure that the ten requirements refer to specific technical, project management or language skills"""""""
"0",""
"0","job_description = get_completion(prompt_job_descript)"
"0","print(job_description)"
"1","Job Description: Junior Data Analyst for Logistics Sector

We are seeking a Junior Data Analyst to join our logistics team. The ideal candidate will be responsible for analyzing data and providing insights to improve our logistics operations. The candidate should have a strong analytical mindset and be able to work with large datasets. The candidate should also be able to communicate effectively with stakeholders and work collaboratively with other team members.

Responsibilities:
- Analyze data to identify trends and patterns in logistics operations
- Develop reports and dashboards to communicate insights to stakeholders
- Collaborate with other team members to identify areas for improvement in logistics operations
- Work with IT team to ensure data accuracy and integrity
- Develop and maintain data models to support logistics operations
- Identify opportunities for automation and process improvement
- Participate in project planning and execution
- Communicate effectively with stakeholders to understand their needs and requirements
- Provide training and support to other team members on data analysis tools and techniques
- Stay up-to-date with industry trends and best practices in data analysis

Requirements:
- Bachelor's degree in Computer Science, Mathematics, Statistics, or related field
- Strong analytical skills and ability to work with large datasets
- Proficiency in SQL and Excel
- Experience with data visualization tools such as Tableau or Power BI
- Familiarity with programming languages such as Python or R
- Knowledge of logistics operations and supply chain management
- Experience with project management methodologies such as Agile or Waterfall
- Excellent communication and collaboration skills
- Ability to work independently and as part of a team
- Strong attention to detail and ability to prioritize tasks

If you are passionate about data analysis and logistics operations, we encourage you to apply for this exciting opportunity. We offer a competitive salary and benefits package, as well as opportunities for professional growth and development.
"
